<?xml version='1.1' encoding='UTF-8' standalone='yes'?>
<bamboo>
 <date>Thu Jul 17 13:41:01 EDT 2014</date>
 <version>5.5.1</version>
 <buildDate>21-May-2014</buildDate>
 <build>4306</build>
 <serverID>BZTY-SFW2-OOHG-ZUV4</serverID>
 <acls>
  <acl>
   <objectIdentity>999999</objectIdentity>
   <objectType>com.atlassian.bamboo.security.GlobalApplicationSecureObject</objectType>
   <owner>bamboo-admin</owner>
   <ownerType>GROUP_PRINCIPAL</ownerType>
   <aces>
    <ace>
     <mask>16</mask>
     <sid>bamboo-admin</sid>
     <type>GROUP_PRINCIPAL</type>
    </ace>
    <ace>
     <mask>4</mask>
     <sid>bamboo-admin</sid>
     <type>GROUP_PRINCIPAL</type>
    </ace>
    <ace>
     <mask>1</mask>
     <sid>bamboo-admin</sid>
     <type>GROUP_PRINCIPAL</type>
    </ace>
    <ace>
     <mask>1</mask>
     <sid>ROLE_USER</sid>
     <type>GRANTED_AUTHORITY</type>
    </ace>
    <ace>
     <mask>1</mask>
     <sid>ROLE_ANONYMOUS</sid>
     <type>GRANTED_AUTHORITY</type>
    </ace>
   </aces>
  </acl>
  <acl>
   <objectIdentity>360449</objectIdentity>
   <objectType>com.atlassian.bamboo.chains.DefaultChain</objectType>
   <owner>kaitlindevine</owner>
   <ownerType>PRINCIPAL</ownerType>
   <aces>
    <ace>
     <mask>2</mask>
     <sid>kaitlindevine</sid>
     <type>PRINCIPAL</type>
    </ace>
    <ace>
     <mask>1</mask>
     <sid>kaitlindevine</sid>
     <type>PRINCIPAL</type>
    </ace>
    <ace>
     <mask>1</mask>
     <sid>ROLE_USER</sid>
     <type>GRANTED_AUTHORITY</type>
    </ace>
    <ace>
     <mask>1</mask>
     <sid>ROLE_ANONYMOUS</sid>
     <type>GRANTED_AUTHORITY</type>
    </ace>
    <ace>
     <mask>16</mask>
     <sid>kaitlindevine</sid>
     <type>PRINCIPAL</type>
    </ace>
    <ace>
     <mask>128</mask>
     <sid>kaitlindevine</sid>
     <type>PRINCIPAL</type>
    </ace>
    <ace>
     <mask>64</mask>
     <sid>kaitlindevine</sid>
     <type>PRINCIPAL</type>
    </ace>
   </aces>
  </acl>
  <acl>
   <objectIdentity>360453</objectIdentity>
   <objectType>com.atlassian.bamboo.chains.DefaultChain</objectType>
   <owner>kaitlindevine</owner>
   <ownerType>PRINCIPAL</ownerType>
   <aces>
    <ace>
     <mask>2</mask>
     <sid>kaitlindevine</sid>
     <type>PRINCIPAL</type>
    </ace>
    <ace>
     <mask>1</mask>
     <sid>kaitlindevine</sid>
     <type>PRINCIPAL</type>
    </ace>
    <ace>
     <mask>1</mask>
     <sid>ROLE_USER</sid>
     <type>GRANTED_AUTHORITY</type>
    </ace>
    <ace>
     <mask>1</mask>
     <sid>ROLE_ANONYMOUS</sid>
     <type>GRANTED_AUTHORITY</type>
    </ace>
    <ace>
     <mask>16</mask>
     <sid>kaitlindevine</sid>
     <type>PRINCIPAL</type>
    </ace>
    <ace>
     <mask>128</mask>
     <sid>kaitlindevine</sid>
     <type>PRINCIPAL</type>
    </ace>
    <ace>
     <mask>64</mask>
     <sid>kaitlindevine</sid>
     <type>PRINCIPAL</type>
    </ace>
   </aces>
  </acl>
 </acls>
</bamboo>