<?xml version='1.0' encoding='UTF-8'?>
<backup xmlns="http://www.atlassian.com/ao" xmlns:xsi="http://www.w3.org/2001/XMLSchema-instance">
  <database>
    <meta key="database.name" value="HSQL Database Engine"/>
    <meta key="database.version" value="1.8.0"/>
    <meta key="database.minorVersion" value="8"/>
    <meta key="database.majorVersion" value="1"/>
    <meta key="driver.name" value="HSQL Database Engine Driver"/>
    <meta key="driver.version" value="1.8.0"/>
  </database>
  <table name="AO_38321B_CUSTOM_CONTENT_LINK">
    <column name="CONTENT_KEY" primaryKey="false" autoIncrement="false" sqlType="12" precision="255"/>
    <column name="ID" primaryKey="true" autoIncrement="true" sqlType="4" precision="10"/>
    <column name="LINK_LABEL" primaryKey="false" autoIncrement="false" sqlType="12" precision="255"/>
    <column name="LINK_URL" primaryKey="false" autoIncrement="false" sqlType="12" precision="255"/>
    <column name="SEQUENCE" primaryKey="false" autoIncrement="false" sqlType="4" precision="10"/>
  </table>
  <table name="AO_7A45FB_AOTRACKING_ENTRY">
    <column name="ACTIVE" primaryKey="false" autoIncrement="false" sqlType="16" precision="1"/>
    <column name="PLAN_ID" primaryKey="false" autoIncrement="false" sqlType="-5" precision="19"/>
    <column name="TRACKING_ID" primaryKey="true" autoIncrement="true" sqlType="4" precision="10"/>
  </table>
  <table name="AO_7A45FB_AOTRACKING_RESULT">
    <column name="BUILD_NUMBER" primaryKey="false" autoIncrement="false" sqlType="4" precision="10"/>
    <column name="LINKED_TRACKING_ENTRY_ID" primaryKey="false" autoIncrement="false" sqlType="4" precision="10"/>
    <column name="RESULT_ID" primaryKey="true" autoIncrement="true" sqlType="4" precision="10"/>
    <column name="RESULT_SUMMARY_ID" primaryKey="false" autoIncrement="false" sqlType="-5" precision="19"/>
    <foreignKey fromTable="AO_7A45FB_AOTRACKING_RESULT" fromColumn="LINKED_TRACKING_ENTRY_ID" toTable="AO_7A45FB_AOTRACKING_ENTRY" toColumn="TRACKING_ID"/>
  </table>
  <table name="AO_7A45FB_AOTRACKING_USER">
    <column name="LINKED_TRACKING_ENTRY_ID" primaryKey="false" autoIncrement="false" sqlType="4" precision="10"/>
    <column name="USERNAME" primaryKey="false" autoIncrement="false" sqlType="12" precision="255"/>
    <column name="USER_ID" primaryKey="true" autoIncrement="true" sqlType="4" precision="10"/>
    <column name="USER_WHO_UPDATED" primaryKey="false" autoIncrement="false" sqlType="12" precision="255"/>
    <foreignKey fromTable="AO_7A45FB_AOTRACKING_USER" fromColumn="LINKED_TRACKING_ENTRY_ID" toTable="AO_7A45FB_AOTRACKING_ENTRY" toColumn="TRACKING_ID"/>
  </table>
  <data tableName="AO_38321B_CUSTOM_CONTENT_LINK">
    <column name="CONTENT_KEY"/>
    <column name="ID"/>
    <column name="LINK_LABEL"/>
    <column name="LINK_URL"/>
    <column name="SEQUENCE"/>
  </data>
  <data tableName="AO_7A45FB_AOTRACKING_ENTRY">
    <column name="ACTIVE"/>
    <column name="PLAN_ID"/>
    <column name="TRACKING_ID"/>
    <row>
      <boolean>false</boolean>
      <integer>360449</integer>
      <integer>1</integer>
    </row>
    <row>
      <boolean>false</boolean>
      <integer>360449</integer>
      <integer>3</integer>
    </row>
    <row>
      <boolean>false</boolean>
      <integer>360449</integer>
      <integer>6</integer>
    </row>
    <row>
      <boolean>false</boolean>
      <integer>360449</integer>
      <integer>9</integer>
    </row>
    <row>
      <boolean>true</boolean>
      <integer>360449</integer>
      <integer>10</integer>
    </row>
    <row>
      <boolean>true</boolean>
      <integer>360453</integer>
      <integer>13</integer>
    </row>
  </data>
  <data tableName="AO_7A45FB_AOTRACKING_RESULT">
    <column name="BUILD_NUMBER"/>
    <column name="LINKED_TRACKING_ENTRY_ID"/>
    <column name="RESULT_ID"/>
    <column name="RESULT_SUMMARY_ID"/>
    <row>
      <integer>4</integer>
      <integer>1</integer>
      <integer>1</integer>
      <integer>622599</integer>
    </row>
    <row>
      <integer>5</integer>
      <integer>1</integer>
      <integer>2</integer>
      <integer>622601</integer>
    </row>
    <row>
      <integer>8</integer>
      <integer>3</integer>
      <integer>4</integer>
      <integer>622607</integer>
    </row>
    <row>
      <integer>13</integer>
      <integer>6</integer>
      <integer>7</integer>
      <integer>622618</integer>
    </row>
    <row>
      <integer>14</integer>
      <integer>6</integer>
      <integer>8</integer>
      <integer>622621</integer>
    </row>
    <row>
      <integer>20</integer>
      <integer>9</integer>
      <integer>11</integer>
      <integer>622641</integer>
    </row>
    <row>
      <integer>21</integer>
      <integer>9</integer>
      <integer>12</integer>
      <integer>622645</integer>
    </row>
    <row>
      <integer>22</integer>
      <integer>9</integer>
      <integer>13</integer>
      <integer>622649</integer>
    </row>
    <row>
      <integer>24</integer>
      <integer>10</integer>
      <integer>14</integer>
      <integer>622657</integer>
    </row>
    <row>
      <integer>25</integer>
      <integer>10</integer>
      <integer>15</integer>
      <integer>622661</integer>
    </row>
    <row>
      <integer>26</integer>
      <integer>10</integer>
      <integer>16</integer>
      <integer>622665</integer>
    </row>
    <row>
      <integer>27</integer>
      <integer>10</integer>
      <integer>17</integer>
      <integer>622669</integer>
    </row>
    <row>
      <integer>28</integer>
      <integer>10</integer>
      <integer>18</integer>
      <integer>622673</integer>
    </row>
    <row>
      <integer>29</integer>
      <integer>10</integer>
      <integer>19</integer>
      <integer>622677</integer>
    </row>
    <row>
      <integer>30</integer>
      <integer>10</integer>
      <integer>20</integer>
      <integer>622681</integer>
    </row>
    <row>
      <integer>2</integer>
      <integer>13</integer>
      <integer>23</integer>
      <integer>622688</integer>
    </row>
    <row>
      <integer>3</integer>
      <integer>13</integer>
      <integer>24</integer>
      <integer>622691</integer>
    </row>
    <row>
      <integer>31</integer>
      <integer>10</integer>
      <integer>25</integer>
      <integer>622694</integer>
    </row>
    <row>
      <integer>32</integer>
      <integer>10</integer>
      <integer>26</integer>
      <integer>622698</integer>
    </row>
    <row>
      <integer>33</integer>
      <integer>10</integer>
      <integer>27</integer>
      <integer>622702</integer>
    </row>
  </data>
  <data tableName="AO_7A45FB_AOTRACKING_USER">
    <column name="LINKED_TRACKING_ENTRY_ID"/>
    <column name="USERNAME"/>
    <column name="USER_ID"/>
    <column name="USER_WHO_UPDATED"/>
  </data>
</backup>