<?xml version='1.1' encoding='UTF-8' standalone='yes'?>
<bamboo>
 <date>Thu Jul 17 13:41:01 EDT 2014</date>
 <version>5.5.1</version>
 <buildDate>21-May-2014</buildDate>
 <build>4306</build>
 <serverID>BZTY-SFW2-OOHG-ZUV4</serverID>
 <bandanaItems>
  <bandanaItem>
   <buildId>0</buildId>
   <key>bamboo.plugin.state</key>
   <serializedData>&lt;com.atlassian.plugin.manager.DefaultPluginPersistentState>
  &lt;map class="java.util.Collections$UnmodifiableMap">
    &lt;m/>
  &lt;/map>
&lt;/com.atlassian.plugin.manager.DefaultPluginPersistentState></serializedData>
  </bandanaItem>
  <bandanaItem>
   <buildId>0</buildId>
   <key>com.atlassian.activeobjects.admin.ActiveObjectsPluginToTablesMapping</key>
   <serializedData>&lt;string>{&amp;quot;AO_7A45FB_AOTRACKING_USER&amp;quot;:{&amp;quot;key&amp;quot;:&amp;quot;com.atlassian.bamboo.brokenbuildtracker&amp;quot;,&amp;quot;name&amp;quot;:&amp;quot;Broken Build Responsibility Tracker&amp;quot;,&amp;quot;version&amp;quot;:&amp;quot;5.5.1&amp;quot;,&amp;quot;vendorName&amp;quot;:&amp;quot;Atlassian Software Systems Pty Ltd&amp;quot;,&amp;quot;vendorUrl&amp;quot;:&amp;quot;http://www.atlassian.com&amp;quot;},&amp;quot;AO_38321B_CUSTOM_CONTENT_LINK&amp;quot;:{&amp;quot;key&amp;quot;:&amp;quot;com.atlassian.plugins.atlassian-nav-links-plugin&amp;quot;,&amp;quot;name&amp;quot;:&amp;quot;Atlassian Navigation Links Plugin&amp;quot;,&amp;quot;version&amp;quot;:&amp;quot;3.3.2-maven2&amp;quot;,&amp;quot;vendorName&amp;quot;:&amp;quot;Atlassian&amp;quot;,&amp;quot;vendorUrl&amp;quot;:&amp;quot;http://www.atlassian.com/&amp;quot;},&amp;quot;AO_7A45FB_AOTRACKING_RESULT&amp;quot;:{&amp;quot;key&amp;quot;:&amp;quot;com.atlassian.bamboo.brokenbuildtracker&amp;quot;,&amp;quot;name&amp;quot;:&amp;quot;Broken Build Responsibility Tracker&amp;quot;,&amp;quot;version&amp;quot;:&amp;quot;5.5.1&amp;quot;,&amp;quot;vendorName&amp;quot;:&amp;quot;Atlassian Software Systems Pty Ltd&amp;quot;,&amp;quot;vendorUrl&amp;quot;:&amp;quot;http://www.atlassian.com&amp;quot;},&amp;quot;AO_7A45FB_AOTRACKING_ENTRY&amp;quot;:{&amp;quot;key&amp;quot;:&amp;quot;com.atlassian.bamboo.brokenbuildtracker&amp;quot;,&amp;quot;name&amp;quot;:&amp;quot;Broken Build Responsibility Tracker&amp;quot;,&amp;quot;version&amp;quot;:&amp;quot;5.5.1&amp;quot;,&amp;quot;vendorName&amp;quot;:&amp;quot;Atlassian Software Systems Pty Ltd&amp;quot;,&amp;quot;vendorUrl&amp;quot;:&amp;quot;http://www.atlassian.com&amp;quot;}}&lt;/string></serializedData>
  </bandanaItem>
  <bandanaItem>
   <buildId>0</buildId>
   <key>com.atlassian.plugins.custom_apps.hasCustomOrder</key>
   <serializedData>&lt;string>false&lt;/string></serializedData>
  </bandanaItem>
  <bandanaItem>
   <buildId>0</buildId>
   <key>com.atlassian.plugins.atlassian-nav-links-plugin:build</key>
   <serializedData>&lt;string>1&lt;/string></serializedData>
  </bandanaItem>
  <bandanaItem>
   <buildId>0</buildId>
   <key>com.atlassian.bamboo.plugins.bamboo-scp-plugin:build</key>
   <serializedData>&lt;string>2&lt;/string></serializedData>
  </bandanaItem>
  <bandanaItem>
   <buildId>0</buildId>
   <key>com.atlassian.bamboo.plugins.tomcat.bamboo-tomcat-plugin:build</key>
   <serializedData>&lt;string>11&lt;/string></serializedData>
  </bandanaItem>
  <bandanaItem>
   <buildId>0</buildId>
   <key>com.atlassian.upm.atlassian-universal-plugin-manager-plugin:build</key>
   <serializedData>&lt;string>3&lt;/string></serializedData>
  </bandanaItem>
  <bandanaItem>
   <buildId>0</buildId>
   <key>com.atlassian.upm.log.PluginSettingsAuditLogService:log:upm_audit_log_v3</key>
   <serializedData>&lt;net.sf.hibernate.collection.Bag>
  &lt;string>{&amp;quot;userKey&amp;quot;:&amp;quot;kaitlindevine&amp;quot;,&amp;quot;date&amp;quot;:1405448371543,&amp;quot;i18nKey&amp;quot;:&amp;quot;upm.auditLog.plugin.license.add&amp;quot;,&amp;quot;entryType&amp;quot;:&amp;quot;LICENSE_ADD&amp;quot;,&amp;quot;params&amp;quot;:[&amp;quot;Amazon SNS Notifications for Bamboo&amp;quot;,&amp;quot;com.smarterprogramming.bamboo.amazonsns&amp;quot;]}&lt;/string>
  &lt;string>{&amp;quot;userKey&amp;quot;:&amp;quot;kaitlindevine&amp;quot;,&amp;quot;date&amp;quot;:1405448359993,&amp;quot;i18nKey&amp;quot;:&amp;quot;upm.auditLog.install.plugin.success&amp;quot;,&amp;quot;entryType&amp;quot;:&amp;quot;PLUGIN_INSTALL&amp;quot;,&amp;quot;params&amp;quot;:[&amp;quot;Amazon SNS Notifications for Bamboo&amp;quot;,&amp;quot;com.smarterprogramming.bamboo.amazonsns&amp;quot;,&amp;quot;1.1&amp;quot;]}&lt;/string>
  &lt;string>{&amp;quot;userKey&amp;quot;:&amp;quot;Bamboo&amp;quot;,&amp;quot;date&amp;quot;:1403211398750,&amp;quot;i18nKey&amp;quot;:&amp;quot;upm.auditLog.upm.startup&amp;quot;,&amp;quot;entryType&amp;quot;:&amp;quot;UPM_STARTUP&amp;quot;,&amp;quot;params&amp;quot;:[]}&lt;/string>
&lt;/net.sf.hibernate.collection.Bag></serializedData>
  </bandanaItem>
  <bandanaItem>
   <buildId>0</buildId>
   <key>com.atlassian.upm.mail.impl.PluginSettingsLicenseEmailStorelicense-emails_v2</key>
   <serializedData>&lt;net.sf.hibernate.collection.Bag/></serializedData>
  </bandanaItem>
  <bandanaItem>
   <buildId>0</buildId>
   <key>com.atlassian.upm.mail.impl.PluginSettingsUserEmailSettingsStore:use78b9c0b572719a68385340a04c056a94</key>
   <serializedData>&lt;net.sf.hibernate.collection.Bag/></serializedData>
  </bandanaItem>
  <bandanaItem>
   <buildId>0</buildId>
   <key>com.atlassian.upm:notifications:dismissal-plugin.request</key>
   <serializedData>&lt;net.sf.hibernate.collection.Bag/></serializedData>
  </bandanaItem>
  <bandanaItem>
   <buildId>0</buildId>
   <key>com.atlassian.upm:notifications:dismissal-update</key>
   <serializedData>&lt;net.sf.hibernate.collection.Bag/></serializedData>
  </bandanaItem>
  <bandanaItem>
   <buildId>0</buildId>
   <key>com.atlassian.upm:notifications:dismissal-evaluation.expired</key>
   <serializedData>&lt;net.sf.hibernate.collection.Bag/></serializedData>
  </bandanaItem>
  <bandanaItem>
   <buildId>0</buildId>
   <key>com.atlassian.upm:notifications:dismissal-edition.mismatch</key>
   <serializedData>&lt;net.sf.hibernate.collection.Bag/></serializedData>
  </bandanaItem>
  <bandanaItem>
   <buildId>0</buildId>
   <key>com.atlassian.upm:notifications:dismissal-maintenance.expired</key>
   <serializedData>&lt;net.sf.hibernate.collection.Bag/></serializedData>
  </bandanaItem>
  <bandanaItem>
   <buildId>0</buildId>
   <key>com.atlassian.upm:notifications:dismissal-new.licenses</key>
   <serializedData>&lt;net.sf.hibernate.collection.Bag/></serializedData>
  </bandanaItem>
  <bandanaItem>
   <buildId>0</buildId>
   <key>com.atlassian.upm:notifications:dismissal-updated.licenses</key>
   <serializedData>&lt;net.sf.hibernate.collection.Bag/></serializedData>
  </bandanaItem>
  <bandanaItem>
   <buildId>0</buildId>
   <key>com.atlassian.upm:notifications:dismissal-auto.updated.plugin</key>
   <serializedData>&lt;net.sf.hibernate.collection.Bag/></serializedData>
  </bandanaItem>
  <bandanaItem>
   <buildId>0</buildId>
   <key>com.atlassian.upm:notifications:dismissal-auto.updated.upm</key>
   <serializedData>&lt;net.sf.hibernate.collection.Bag/></serializedData>
  </bandanaItem>
  <bandanaItem>
   <buildId>0</buildId>
   <key>com.atlassian.upm.request.PluginSettingsPluginRequestStore:requests:requests_v2</key>
   <serializedData>&lt;net.sf.hibernate.collection.Bag/></serializedData>
  </bandanaItem>
  <bandanaItem>
   <buildId>0</buildId>
   <key>com.atlassian.upm:notifications:notification-plugin.request</key>
   <serializedData>&lt;net.sf.hibernate.collection.Bag/></serializedData>
  </bandanaItem>
  <bandanaItem>
   <buildId>0</buildId>
   <key>com.atlassian.upm:notifications:notification-edition.mismatch</key>
   <serializedData>&lt;net.sf.hibernate.collection.Bag/></serializedData>
  </bandanaItem>
  <bandanaItem>
   <buildId>0</buildId>
   <key>com.atlassian.upm:notifications:notification-evaluation.expired</key>
   <serializedData>&lt;net.sf.hibernate.collection.Bag/></serializedData>
  </bandanaItem>
  <bandanaItem>
   <buildId>0</buildId>
   <key>com.atlassian.upm:notifications:notification-evaluation.nearlyexpired</key>
   <serializedData>&lt;net.sf.hibernate.collection.Bag/></serializedData>
  </bandanaItem>
  <bandanaItem>
   <buildId>0</buildId>
   <key>com.atlassian.upm:notifications:notification-maintenance.expired</key>
   <serializedData>&lt;net.sf.hibernate.collection.Bag/></serializedData>
  </bandanaItem>
  <bandanaItem>
   <buildId>0</buildId>
   <key>com.atlassian.upm:notifications:notification-maintenance.nearlyexpired</key>
   <serializedData>&lt;net.sf.hibernate.collection.Bag/></serializedData>
  </bandanaItem>
  <bandanaItem>
   <buildId>0</buildId>
   <key>com.atlassian.upm:notifications:notification-update</key>
   <serializedData>&lt;net.sf.hibernate.collection.Bag/></serializedData>
  </bandanaItem>
  <bandanaItem>
   <buildId>0</buildId>
   <key>com.atlassian.upm.impl.PluginSettingsPluginUpdateRequestStoreplugin-update-requests</key>
   <serializedData>&lt;net.sf.hibernate.collection.Bag>
  &lt;string>com.smarterprogramming.bamboo.amazonsns&lt;/string>
&lt;/net.sf.hibernate.collection.Bag></serializedData>
  </bandanaItem>
  <bandanaItem>
   <buildId>0</buildId>
   <key>com.atlassian.upm.notification.ManualUpdateRequiredNotificationServi4132bc4b6b94205656e44360bcb38069</key>
   <serializedData>&lt;net.sf.hibernate.collection.Bag/></serializedData>
  </bandanaItem>
  <bandanaItem>
   <buildId>0</buildId>
   <key>com.atlassian.upm.license.internal.impl.PluginSettingsPluginLicenseR343e29be8d08ca134243c50c8d9b9fd4</key>
   <serializedData>&lt;string>AAABNQ0ODAoPeNqdkb1OwzAUhXc/hSXmRHGTlqqSh5JmAKVp1RYmllvrNljEdmQ7FeXpyR8CIQbo4
ME+V+d89/jm0CB9aCrKppTFCzZfRDFNVwc6iVhCVuiElbWXRvOlgnej6b7Y08J4eZICundHT8bSO
1BHY54XNDtD1fQCKRp1RLs5PTq0jrMoIqnFXlqBR94FBNFtwGZEGBU6Bdajra0pLSgldRkee9MQ+
mCnXfjpOKTlRkC1LFF7xwP2Z5N2vpuQDrm3DZIv4uF+HcwOlfE40nS7VlKgdvjU7t5ZT8gaZJusQ
QvM3mppL99amAdsSja2BC3dgPIK/iKMrck+K3h7gjyJJ0kyi6/k21ag/1UTCC/PY0X5sMvv2KN4u
NRYgEKebtbrbJfeL3Oybax4AYc///sDdNDeYzAsAhQNtURp4F7GkInJe7EGpfKf2vN+YwIUXDwiH
FUSRIMBCmaycCEdqT8KX/c=X02ff&lt;/string></serializedData>
  </bandanaItem>
  <bandanaItem>
   <buildId>0</buildId>
   <key>com.atlassian.upm.license.internal.impl.PluginSettingsPluginLicenseRfdbfad06c2f1036a60cb955d7e285d69</key>
   <serializedData>&lt;net.sf.hibernate.collection.Bag>
  &lt;string>com.smarterprogramming.bamboo.amazonsns&lt;/string>
&lt;/net.sf.hibernate.collection.Bag></serializedData>
  </bandanaItem>
 </bandanaItems>
</bamboo>