<?xml version='1.1' encoding='UTF-8' standalone='yes'?>
<bamboo>
 <date>Mon Jun 30 20:48:18 EDT 2014</date>
 <version>5.5.1</version>
 <buildDate>21-May-2014</buildDate>
 <build>4306</build>
 <serverID>BZTY-SFW2-OOHG-ZUV4</serverID>
 <localUsers>
  <localUser>
   <id>1</id>
   <name>kaitlindevine</name>
   <password>{PKCS5S2}W4O43Y3mNPmsoh+CPj8QSNtoFTWeGdSZBAaoFbqVXz/hCoTPCkET5cQuex3dT2jd</password>
   <fullName>Kaitlin Devine</fullName>
   <email>katycorp@gmail.com</email>
  </localUser>
 </localUsers>
</bamboo>