<?xml version='1.1' encoding='UTF-8' standalone='yes'?>
<bamboo>
 <date>Mon Jun 30 20:48:18 EDT 2014</date>
 <version>5.5.1</version>
 <buildDate>21-May-2014</buildDate>
 <build>4306</build>
 <serverID>BZTY-SFW2-OOHG-ZUV4</serverID>
 <pipelines>
  <pipeline>
   <id>131073</id>
   <creationDate>portable AD 2014-06-19 16:56:15.583 -0400</creationDate>
   <modificationDate>portable AD 2014-06-19 16:56:15.583 -0400</modificationDate>
   <type>LOCAL</type>
   <name>Default Agent</name>
   <enabled>true</enabled>
   <capabilities/>
  </pipeline>
 </pipelines>
</bamboo>