<?xml version='1.1' encoding='UTF-8' standalone='yes'?>
<bamboo>
 <date>Mon Jun 30 20:48:18 EDT 2014</date>
 <version>5.5.1</version>
 <buildDate>21-May-2014</buildDate>
 <build>4306</build>
 <serverID>BZTY-SFW2-OOHG-ZUV4</serverID>
 <projects>
  <project>
   <id>327681</id>
   <creationDate>portable AD 2014-06-19 16:59:03.931 -0400</creationDate>
   <modificationDate>portable AD 2014-06-19 16:59:03.931 -0400</modificationDate>
   <key>FBOP</key>
   <name>fbopen</name>
   <subplans>
    <subplan>
     <id>360452</id>
     <creationDate>portable AD 2014-06-29 22:12:02.179 -0400</creationDate>
     <modificationDate>portable AD 2014-06-29 22:14:55.317 -0400</modificationDate>
     <key>FBOP-DAT-LNGD</key>
     <buildKey>LNGD</buildKey>
     <buildName>Load nightly Grants data</buildName>
     <description>Load the nightly data for Grants.gov and attachments</description>
     <firstBuildNumber>18</firstBuildNumber>
     <lastBuildNumber>19</lastBuildNumber>
     <nextBuildNumber>20</nextBuildNumber>
     <suspendedFromBuilding>false</suspendedFromBuilding>
     <definition>
      <id>425988</id>
      <xml><![CDATA[<?xml version="1.0" encoding="UTF-8" standalone="no"?>
<configuration xml:space="preserve">
  <bambooDelimiterParsingDisabled>true</bambooDelimiterParsingDisabled>
  <isMergedConfiguration>false</isMergedConfiguration>
  <cleanWorkingDirectory>false</cleanWorkingDirectory>
  <repositoryDefiningWorkingDirectory>-1</repositoryDefiningWorkingDirectory>
  <buildTasks>
    <taskDefinition>
      <id>1</id>
      <userDescription>Run the grants.gov loader only</userDescription>
      <isEnabled>true</isEnabled>
      <pluginKey>com.atlassian.bamboo.plugins.scripttask:task.builder.script</pluginKey>
      <finalising>false</finalising>
      <rootDirectoryType>INHERITED</rootDirectoryType>
      <repositoryDefiningWorkingDir>-1</repositoryDefiningWorkingDir>
      <config>
        <item>
          <key>argument</key>
          <value/>
        </item>
        <item>
          <key>scriptBody</key>
          <value>#!/bin/bash
set -e

export FBOPEN_ROOT=$bamboo_FBOPEN_ROOT
export FBOPEN_INDEX=$bamboo_FBOPEN_INDEX
export FBOPEN_URI=$bamboo_FBOPEN_URI

cd ${FBOPEN_ROOT}/loaders/grants.gov
sh grants-nightly.sh</value>
        </item>
        <item>
          <key>runWithPowershell</key>
          <value/>
        </item>
        <item>
          <key>workingSubDirectory</key>
          <value/>
        </item>
        <item>
          <key>script</key>
          <value/>
        </item>
        <item>
          <key>environmentVariables</key>
          <value/>
        </item>
        <item>
          <key>scriptLocation</key>
          <value>INLINE</value>
        </item>
      </config>
    </taskDefinition>
    <taskDefinition>
      <id>2</id>
      <userDescription>Run the grants.gov attachment loader</userDescription>
      <isEnabled>true</isEnabled>
      <pluginKey>com.atlassian.bamboo.plugins.scripttask:task.builder.script</pluginKey>
      <finalising>false</finalising>
      <rootDirectoryType>INHERITED</rootDirectoryType>
      <repositoryDefiningWorkingDir>-1</repositoryDefiningWorkingDir>
      <config>
        <item>
          <key>argument</key>
          <value/>
        </item>
        <item>
          <key>scriptBody</key>
          <value>#!/bin/bash
set -e

export FBOPEN_ROOT=$bamboo_FBOPEN_ROOT
export FBOPEN_INDEX=$bamboo_FBOPEN_INDEX
export FBOPEN_URI=$bamboo_FBOPEN_URI

cd ${FBOPEN_ROOT}/loaders/grants.gov
sh grants-load-nightly-attachments.sh
</value>
        </item>
        <item>
          <key>runWithPowershell</key>
          <value/>
        </item>
        <item>
          <key>script</key>
          <value/>
        </item>
        <item>
          <key>workingSubDirectory</key>
          <value/>
        </item>
        <item>
          <key>environmentVariables</key>
          <value/>
        </item>
        <item>
          <key>scriptLocation</key>
          <value>INLINE</value>
        </item>
      </config>
    </taskDefinition>
  </buildTasks>
  <buildStrategies>
    <defined>true</defined>
  </buildStrategies>
  <branches>
    <monitoringEnabled>false</monitoringEnabled>
    <matchingPattern/>
    <inactivityInDays>30</inactivityInDays>
    <defaultNotificationStrategy>notifyCommitters</defaultNotificationStrategy>
    <issueLinking>true</issueLinking>
  </branches>
  <branches>
    <defaultBranchIntegration>
      <enabled>false</enabled>
    </defaultBranchIntegration>
  </branches>
  <branchIntegration>
    <enabled>false</enabled>
  </branchIntegration>
  <branchConfiguration>
    <cleanup>
      <disabled>false</disabled>
    </cleanup>
    <notificationStrategy>notifyCommitters</notificationStrategy>
  </branchConfiguration>
</configuration>
]]></xml>
     </definition>
     <requirementSet>
      <id>491523</id>
     </requirementSet>
    </subplan>
    <subplan>
     <id>360451</id>
     <creationDate>portable AD 2014-06-25 21:20:11.202 -0400</creationDate>
     <modificationDate>portable AD 2014-06-26 18:23:13.192 -0400</modificationDate>
     <key>FBOP-DAT-LNFD</key>
     <buildKey>LNFD</buildKey>
     <buildName>Load nightly FBO data</buildName>
     <description>Load the fbo.gov nightly dump, including attachments</description>
     <firstBuildNumber>12</firstBuildNumber>
     <lastBuildNumber>19</lastBuildNumber>
     <nextBuildNumber>20</nextBuildNumber>
     <suspendedFromBuilding>false</suspendedFromBuilding>
     <definition>
      <id>425987</id>
      <xml><![CDATA[<?xml version="1.0" encoding="UTF-8" standalone="no"?>
<configuration xml:space="preserve">
  <bambooDelimiterParsingDisabled>true</bambooDelimiterParsingDisabled>
  <isMergedConfiguration>false</isMergedConfiguration>
  <cleanWorkingDirectory>false</cleanWorkingDirectory>
  <repositoryDefiningWorkingDirectory>-1</repositoryDefiningWorkingDirectory>
  <buildTasks>
    <taskDefinition>
      <id>1</id>
      <userDescription>Loads the nightly FBO data only</userDescription>
      <isEnabled>true</isEnabled>
      <pluginKey>com.atlassian.bamboo.plugins.scripttask:task.builder.script</pluginKey>
      <finalising>false</finalising>
      <rootDirectoryType>INHERITED</rootDirectoryType>
      <repositoryDefiningWorkingDir>-1</repositoryDefiningWorkingDir>
      <config>
        <item>
          <key>argument</key>
          <value/>
        </item>
        <item>
          <key>scriptBody</key>
          <value>set -e 

export FBOPEN_ROOT=$bamboo_FBOPEN_ROOT
export FBOPEN_INDEX=$bamboo_FBOPEN_INDEX
export FBOPEN_URI=$bamboo_FBOPEN_URI

cd ${FBOPEN_ROOT}/loaders/fbo.gov
sh fbo-nightly.sh

</value>
        </item>
        <item>
          <key>runWithPowershell</key>
          <value/>
        </item>
        <item>
          <key>workingSubDirectory</key>
          <value/>
        </item>
        <item>
          <key>script</key>
          <value/>
        </item>
        <item>
          <key>environmentVariables</key>
          <value/>
        </item>
        <item>
          <key>scriptLocation</key>
          <value>INLINE</value>
        </item>
      </config>
    </taskDefinition>
    <taskDefinition>
      <id>2</id>
      <userDescription>Loads the nightly FBO attachments</userDescription>
      <isEnabled>true</isEnabled>
      <pluginKey>com.atlassian.bamboo.plugins.scripttask:task.builder.script</pluginKey>
      <finalising>false</finalising>
      <rootDirectoryType>INHERITED</rootDirectoryType>
      <repositoryDefiningWorkingDir>-1</repositoryDefiningWorkingDir>
      <config>
        <item>
          <key>argument</key>
          <value/>
        </item>
        <item>
          <key>scriptBody</key>
          <value>#!/bin/bash
set -e

export FBOPEN_ROOT=$bamboo_FBOPEN_ROOT
export FBOPEN_INDEX=$bamboo_FBOPEN_INDEX
export FBOPEN_URI=$bamboo_FBOPEN_URI

cd ${FBOPEN_ROOT}/loaders/fbo.gov
sh fbo-load-nightly-attachments.sh
</value>
        </item>
        <item>
          <key>runWithPowershell</key>
          <value/>
        </item>
        <item>
          <key>script</key>
          <value/>
        </item>
        <item>
          <key>workingSubDirectory</key>
          <value/>
        </item>
        <item>
          <key>environmentVariables</key>
          <value/>
        </item>
        <item>
          <key>scriptLocation</key>
          <value>INLINE</value>
        </item>
      </config>
    </taskDefinition>
  </buildTasks>
  <buildStrategies>
    <defined>true</defined>
  </buildStrategies>
  <branches>
    <monitoringEnabled>false</monitoringEnabled>
    <matchingPattern/>
    <inactivityInDays>30</inactivityInDays>
    <defaultNotificationStrategy>notifyCommitters</defaultNotificationStrategy>
    <issueLinking>true</issueLinking>
  </branches>
  <branches>
    <defaultBranchIntegration>
      <enabled>false</enabled>
    </defaultBranchIntegration>
  </branches>
  <branchIntegration>
    <enabled>false</enabled>
  </branchIntegration>
  <branchConfiguration>
    <cleanup>
      <disabled>false</disabled>
    </cleanup>
    <notificationStrategy>notifyCommitters</notificationStrategy>
  </branchConfiguration>
</configuration>
]]></xml>
     </definition>
     <requirementSet>
      <id>491522</id>
     </requirementSet>
    </subplan>
    <subplan>
     <id>360450</id>
     <creationDate>portable AD 2014-06-19 16:59:04.008 -0400</creationDate>
     <modificationDate>portable AD 2014-06-26 17:35:51.726 -0400</modificationDate>
     <key>FBOP-DAT-JOB1</key>
     <buildKey>JOB1</buildKey>
     <buildName>Load BIDS data</buildName>
     <description>Load the bids.state.gov data into the elasticsearch index</description>
     <firstBuildNumber>1</firstBuildNumber>
     <lastBuildNumber>19</lastBuildNumber>
     <nextBuildNumber>20</nextBuildNumber>
     <suspendedFromBuilding>false</suspendedFromBuilding>
     <definition>
      <id>425986</id>
      <xml><![CDATA[<?xml version="1.0" encoding="UTF-8" standalone="no"?>
<configuration xml:space="preserve">
  <bambooDelimiterParsingDisabled>true</bambooDelimiterParsingDisabled>
  <isMergedConfiguration>false</isMergedConfiguration>
  <cleanWorkingDirectory>false</cleanWorkingDirectory>
  <repositoryDefiningWorkingDirectory>-1</repositoryDefiningWorkingDirectory>
  <buildTasks>
    <taskDefinition>
      <id>1</id>
      <userDescription>Load bids.state.gov data</userDescription>
      <isEnabled>true</isEnabled>
      <pluginKey>com.atlassian.bamboo.plugins.scripttask:task.builder.script</pluginKey>
      <finalising>false</finalising>
      <rootDirectoryType>INHERITED</rootDirectoryType>
      <repositoryDefiningWorkingDir>-1</repositoryDefiningWorkingDir>
      <config>
        <item>
          <key>argument</key>
          <value/>
        </item>
        <item>
          <key>scriptBody</key>
          <value>#!/bin/bash
set -e

export FBOPEN_ROOT=$bamboo_FBOPEN_ROOT
export FBOPEN_INDEX=$bamboo_FBOPEN_INDEX
export FBOPEN_URI=$bamboo_FBOPEN_URI

cd ${FBOPEN_ROOT}/loaders/bids.state.gov
sh bids-nightly.sh</value>
        </item>
        <item>
          <key>runWithPowershell</key>
          <value/>
        </item>
        <item>
          <key>script</key>
          <value/>
        </item>
        <item>
          <key>workingSubDirectory</key>
          <value/>
        </item>
        <item>
          <key>environmentVariables</key>
          <value/>
        </item>
        <item>
          <key>scriptLocation</key>
          <value>INLINE</value>
        </item>
      </config>
    </taskDefinition>
  </buildTasks>
  <buildStrategies>
    <defined>true</defined>
  </buildStrategies>
  <branches>
    <monitoringEnabled>false</monitoringEnabled>
    <matchingPattern/>
    <inactivityInDays>30</inactivityInDays>
    <defaultNotificationStrategy>notifyCommitters</defaultNotificationStrategy>
    <issueLinking>true</issueLinking>
  </branches>
  <branches>
    <defaultBranchIntegration>
      <enabled>false</enabled>
    </defaultBranchIntegration>
  </branches>
  <branchIntegration>
    <enabled>false</enabled>
  </branchIntegration>
  <branchConfiguration>
    <cleanup>
      <disabled>false</disabled>
    </cleanup>
    <notificationStrategy>notifyCommitters</notificationStrategy>
  </branchConfiguration>
</configuration>
]]></xml>
     </definition>
     <requirementSet>
      <id>491521</id>
     </requirementSet>
    </subplan>
   </subplans>
   <chains>
    <chain>
     <id>360449</id>
     <creationDate>portable AD 2014-06-19 16:59:03.934 -0400</creationDate>
     <modificationDate>portable AD 2014-06-30 20:48:01.395 -0400</modificationDate>
     <key>FBOP-DAT</key>
     <buildKey>DAT</buildKey>
     <buildName>data-loading</buildName>
     <description>Kicks off the various data loaders for FBOpen</description>
     <firstBuildNumber>1</firstBuildNumber>
     <lastBuildNumber>19</lastBuildNumber>
     <nextBuildNumber>20</nextBuildNumber>
     <suspendedFromBuilding>false</suspendedFromBuilding>
     <definition>
      <id>425985</id>
      <xml><![CDATA[<?xml version="1.0" encoding="UTF-8" standalone="no"?>
<configuration xml:space="preserve">
  <bambooDelimiterParsingDisabled>true</bambooDelimiterParsingDisabled>
  <isMergedConfiguration>false</isMergedConfiguration>
  <cleanWorkingDirectory>false</cleanWorkingDirectory>
  <repositoryDefiningWorkingDirectory>0</repositoryDefiningWorkingDirectory>
  <buildStrategies>
    <defined>true</defined>
    <buildStrategy>
      <id>1</id>
      <key>daily</key>
      <name>Nightly Data Load</name>
      <config>
        <item>
          <key>repository.change.daily.buildTime</key>
          <value>22:00</value>
        </item>
        <item>
          <key>bambooDelimiterParsingDisabled</key>
          <value>true</value>
        </item>
        <item>
          <key>custom.triggerrCondition.plansGreen.enabled</key>
          <value>false</value>
        </item>
      </config>
    </buildStrategy>
  </buildStrategies>
  <branches>
    <monitoringEnabled>false</monitoringEnabled>
    <matchingPattern/>
    <inactivityInDays>30</inactivityInDays>
    <defaultNotificationStrategy>notifyCommitters</defaultNotificationStrategy>
    <issueLinking>true</issueLinking>
  </branches>
  <branches>
    <defaultBranchIntegration>
      <enabled>false</enabled>
    </defaultBranchIntegration>
  </branches>
  <branchIntegration>
    <enabled>false</enabled>
  </branchIntegration>
  <branchConfiguration>
    <cleanup>
      <disabled>false</disabled>
    </cleanup>
    <notificationStrategy>notifyCommitters</notificationStrategy>
  </branchConfiguration>
  <custom>
    
  
  
  <dependencies>
      
      
    
      
    
      
    <trigger>
        
      
      
      <remote>
          
        
        
        <strategy>None</strategy>
        </remote>
      </trigger>
      <triggerForBranches>true</triggerForBranches>
    </dependencies>
  </custom>
</configuration>
]]></xml>
     </definition>
     <labellings>
      <labelling>
       <id>557057</id>
       <creationDate>portable AD 2014-06-19 16:59:56.993 -0400</creationDate>
       <modificationDate>portable AD 2014-06-19 16:59:56.999 -0400</modificationDate>
       <label>524289</label>
       <user>kaitlindevine</user>
      </labelling>
     </labellings>
     <notificationSet>
      <id>393217</id>
     </notificationSet>
     <stages>
      <stage>
       <id>458753</id>
       <name>Default Stage</name>
       <builds>
        <build>
         <buildKey>FBOP-DAT-LNGD</buildKey>
        </build>
        <build>
         <buildKey>FBOP-DAT-LNFD</buildKey>
        </build>
        <build>
         <buildKey>FBOP-DAT-JOB1</buildKey>
        </build>
       </builds>
      </stage>
     </stages>
    </chain>
   </chains>
  </project>
 </projects>
</bamboo>