<?xml version='1.1' encoding='UTF-8' standalone='yes'?>
<bamboo>
 <date>Thu Jul 17 13:41:01 EDT 2014</date>
 <version>5.5.1</version>
 <buildDate>21-May-2014</buildDate>
 <build>4306</build>
 <serverID>BZTY-SFW2-OOHG-ZUV4</serverID>
 <sharedCapabilities>
  <local>
   <capability key="system.git.executable" value="/usr/bin/git"/>
   <capability key="system.jdk.JDK" value="/Library/Java/JavaVirtualMachines/jdk1.7.0_60.jdk/Contents/Home"/>
   <capability key="system.jdk.JDK 1.7" value="/Library/Java/JavaVirtualMachines/jdk1.7.0_60.jdk/Contents/Home"/>
   <capability key="system.jdk.JDK 1.7.0_60" value="/Library/Java/JavaVirtualMachines/jdk1.7.0_60.jdk/Contents/Home"/>
  </local>
  <remote/>
 </sharedCapabilities>
</bamboo>