<?xml version='1.1' encoding='UTF-8' standalone='yes'?>
<bamboo>
 <date>Thu Jul 17 13:41:01 EDT 2014</date>
 <version>5.5.1</version>
 <buildDate>21-May-2014</buildDate>
 <build>4306</build>
 <serverID>BZTY-SFW2-OOHG-ZUV4</serverID>
 <variableDefinitions>
  <definition>
   <id>720900</id>
   <key>FBOPEN_INDEX</key>
   <value>fbopen0</value>
   <variableType>GLOBAL</variableType>
  </definition>
  <definition>
   <id>720901</id>
   <key>FBOPEN_ROOT</key>
   <value>/Users/kaitlindevine/envs/fbopen</value>
   <variableType>GLOBAL</variableType>
  </definition>
  <definition>
   <id>720902</id>
   <key>FBOPEN_URI</key>
   <value>http://localhost:9200</value>
   <variableType>GLOBAL</variableType>
  </definition>
  <definition>
   <id>720903</id>
   <key>FBOPEN_ENV</key>
   <value>/Users/kaitlindevine/.virtualenvs/fbopen</value>
   <variableType>GLOBAL</variableType>
  </definition>
 </variableDefinitions>
</bamboo>