<?xml version='1.1' encoding='UTF-8' standalone='yes'?>
<bamboo>
 <date>Mon Jun 30 20:48:18 EDT 2014</date>
 <version>5.5.1</version>
 <buildDate>21-May-2014</buildDate>
 <build>4306</build>
 <serverID>BZTY-SFW2-OOHG-ZUV4</serverID>
 <variableDefinitions>
  <definition>
   <id>720897</id>
   <key>FBOPEN_ROOT</key>
   <value>/Users/kaitlindevine/envs/fbopen</value>
   <variableType>PLAN</variableType>
   <plan>FBOP-DAT</plan>
  </definition>
  <definition>
   <id>720898</id>
   <key>FBOPEN_INDEX</key>
   <value>fbopen0</value>
   <variableType>PLAN</variableType>
   <plan>FBOP-DAT</plan>
  </definition>
  <definition>
   <id>720899</id>
   <key>FBOPEN_URI</key>
   <value>http://localhost:9200</value>
   <variableType>PLAN</variableType>
   <plan>FBOP-DAT</plan>
  </definition>
 </variableDefinitions>
</bamboo>